email,prenom,date_inscription
jean.dupont@email.com,Jean,2025-01-15
marie.martin@email.com,Marie,2025-01-15
pierre.bernard@email.com,Pierre,2025-01-16
sophie.dubois@email.com,Sophie,2025-01-16
lucas.robert@email.com,Lucas,2025-01-17
emma.petit@email.com,Emma,2025-01-17
thomas.durand@email.com,Thomas,2025-01-18
julie.leroy@email.com,Julie,2025-01-18
antoine.moreau@email.com,Antoine,2025-01-19
camille.simon@email.com,Camille,2025-01-19
nicolas.laurent@email.com,Nicolas,2025-01-20
laura.lefebvre@email.com,Laura,2025-01-20
maxime.roux@email.com,Maxime,2025-01-21
chloe.fournier@email.com,Chlo√©,2025-01-21
alexandre.girard@email.com,Alexandre,2025-01-22
oumaymaa.oubaha@gmail.com
benalikawtar1110@gmail.com

